intercept,dis_to_cover_m
2.197031028836804,-2.794438815512299
