intercept,sqrt_pct_cover,pct_cover,sqrt_pct_cover_x_pct_cover
0.47696772273532695,-0.576410373829626,-0.18279494479772926,0.2816636750402115
