species,meanlog,sdlog
bass,4.791381421619343,0.5318390341015234
pikeminnow,4.756221360381054,0.4639710959390208
