intercept,temperature_C
-2.8993306713370277,0.20510075889805549
