species,term,estimate
bass,intercept,-0.9187752809830757
bass,shade,1.060792359605034
bass,vegetation,-1.1152064788907485
bass,cover,0.10472628710848068
bass,depth,0.1068647534019066
bass,velocity,-0.8468633950100436
bass,substrate,0.9143844473181774
sasq,intercept,-0.5581169376183318
sasq,shade,-0.6882214300348932
sasq,vegetation,0.45847457611960385
sasq,cover,0.04372458854883569
sasq,depth,0.09578840388229173
sasq,velocity,0.12209785153164852
sasq,substrate,0.3714585327236568
