species,term,estimate
bass,intercept,-0.9327310878585446
bass,shade,0.9662283588959084
bass,veg,-1.022979850693442
bass,wood,-0.11506770616333754
bass,depth,0.07310217183491403
bass,velocity,-0.5147418324180311
bass,substrate,0.96474229084381935
sasq,intercept,-0.7706216496462059
sasq,shade,-0.5892543186987731
sasq,veg,0.12512676956142105
sasq,wood,0.45379423191188534
sasq,depth,0.1078190194052591
sasq,velocity,0.13700048339668638
sasq,substrate,0.48113885761909475
