species,term,estimate
bass,meanlog,4.791381421619343
bass,sdlog,0.5318390341015234
pikeminnow,meanlog,4.756221360381054
pikeminnow,sdlog,0.4639710959390208
