intercept_C,temperature_C
-2.89933067133703,0.20510075889805557
