species,intercept_glm,shade,veg,wood,depth,velocity,substrate
bass,-1.0835867752059947,0.9499078205691612,-1.5736661349980625,-0.4246548383274727,0.16143129994859315,-0.5945214927031898,0.9295179997570555
pikeminnow,-1.0946050106688505,-0.5092975562596966,0.0694289369886034,0.8463958028323865,0.2093154571184564,-0.04626582795953816,0.4632029745275063
