species,intercept,shade,veg,wood,depth,velocity,substrate
bass,-0.9022694112158237,0.9106276794022136,-0.6866771114252599,-0.2600679289627738,0.11595885619393467,-0.7599592390624368,0.9404182277195763
pikeminnow,-0.41936551743354245,-0.5943677253996171,-0.06389866262579762,0.35848892082303974,0.08220908248897779,0.041786266513502715,0.3127004888141891
